{"codebraid_version": "0.10.3", "cache": {"b1a838572ffb63ce66c88b2c5c0243b18bd59215ccbae21bfd81b3541689efe543403aec94762de8120e65abe2b2d4dabb948d1c5a1b9d7f4380fed7a9bf8280_227": {"session_status_prevent_exec": true, "session_errors": [], "session_warnings": [], "session_files": [], "code_chunks": {"0": {"errors": [["StderrRunError", {"message": ["Traceback (most recent call last):", "  File \"source.py\", line 2, in <module>", "    doc_parts.split_examples()", "  File \"~/Documents/Projects/rslv/_docsrc/doc_parts/__init__.py\", line 66, in split_examples", "    ppid = rslv.lib_rslv.ParsedPID(pid=pid)", "AttributeError: module 'rslv.lib_rslv' has no attribute 'ParsedPID'"], "is_refed": false, "exit_code": 1}]], "stdout_lines": [], "stderr_lines": ["Traceback (most recent call last):", "  File \"source.py\", line 2, in <module>", "    doc_parts.split_examples()", "  File \"~/Documents/Projects/rslv/_docsrc/doc_parts/__init__.py\", line 66, in split_examples", "    ppid = rslv.lib_rslv.ParsedPID(pid=pid)", "AttributeError: module 'rslv.lib_rslv' has no attribute 'ParsedPID'"], "repl_lines": [], "expr_lines": []}, "1": {"stdout_lines": [], "stderr_lines": [], "repl_lines": [], "expr_lines": []}, "2": {"stdout_lines": [], "stderr_lines": [], "repl_lines": [], "expr_lines": []}}}}}